Driver,LapNumber,LapTime,Sector1Time,Sector2Time,Sector3Time,Compound,TyreLife
ALO,1.0,103.608,,43.884,24.561,SOFT,4.0
HAM,1.0,102.288,,43.494,24.338,SOFT,4.0
LEC,1.0,100.23,,42.549,24.122,SOFT,1.0
RUS,1.0,102.662,,43.377,24.168,SOFT,4.0
SAI,1.0,101.659,,43.409,24.19,SOFT,4.0
VER,1.0,99.019,,42.414,23.842,SOFT,4.0
ALO,2.0,99.792,31.743,43.626,24.423,SOFT,5.0
HAM,2.0,99.166,31.408,43.352,24.406,SOFT,5.0
LEC,2.0,98.75,31.407,43.127,24.216,SOFT,2.0
RUS,2.0,99.59,31.709,43.468,24.413,SOFT,5.0
SAI,2.0,98.933,31.451,43.164,24.318,SOFT,5.0
VER,2.0,97.974,31.342,42.504,24.128,SOFT,5.0
ALO,3.0,99.1,31.541,43.276,24.283,SOFT,6.0
HAM,3.0,99.22,31.298,43.499,24.423,SOFT,6.0
LEC,3.0,98.658,31.238,43.103,24.317,SOFT,3.0
RUS,3.0,99.093,31.218,43.416,24.459,SOFT,6.0
SAI,3.0,99.042,31.374,43.257,24.411,SOFT,6.0
VER,3.0,98.006,31.388,42.469,24.149,SOFT,6.0
ALO,4.0,99.548,31.723,43.457,24.368,SOFT,7.0
HAM,4.0,99.198,31.315,43.446,24.437,SOFT,7.0
LEC,4.0,98.825,31.402,43.15,24.273,SOFT,4.0
RUS,4.0,99.261,31.267,43.497,24.497,SOFT,7.0
SAI,4.0,98.985,31.192,43.306,24.487,SOFT,7.0
VER,4.0,97.976,31.271,42.642,24.063,SOFT,7.0
ALO,5.0,99.662,31.705,43.553,24.404,SOFT,8.0
HAM,5.0,99.335,31.35,43.508,24.477,SOFT,8.0
LEC,5.0,98.664,31.543,42.943,24.178,SOFT,5.0
RUS,5.0,99.549,31.367,43.763,24.419,SOFT,8.0
SAI,5.0,99.128,31.048,43.623,24.457,SOFT,8.0
VER,5.0,98.035,31.244,42.724,24.067,SOFT,8.0
ALO,6.0,99.674,31.695,43.482,24.497,SOFT,9.0
HAM,6.0,99.756,31.434,43.751,24.571,SOFT,9.0
LEC,6.0,98.572,31.444,43.037,24.091,SOFT,6.0
RUS,6.0,99.493,31.196,43.619,24.678,SOFT,9.0
SAI,6.0,99.474,31.469,43.498,24.507,SOFT,9.0
VER,6.0,97.986,31.341,42.632,24.013,SOFT,9.0
ALO,7.0,99.729,31.675,43.494,24.56,SOFT,10.0
HAM,7.0,99.757,31.48,43.664,24.613,SOFT,10.0
LEC,7.0,98.691,31.441,43.08,24.17,SOFT,7.0
RUS,7.0,100.056,31.589,43.827,24.64,SOFT,10.0
SAI,7.0,99.502,31.546,43.469,24.487,SOFT,10.0
VER,7.0,98.021,31.29,42.763,23.968,SOFT,10.0
ALO,8.0,99.959,31.674,43.675,24.61,SOFT,11.0
HAM,8.0,100.267,31.718,43.82,24.729,SOFT,11.0
LEC,8.0,98.614,31.438,42.977,24.199,SOFT,8.0
RUS,8.0,100.31,31.522,44.119,24.669,SOFT,11.0
SAI,8.0,99.779,31.674,43.598,24.507,SOFT,11.0
VER,8.0,98.154,31.291,42.833,24.03,SOFT,11.0
ALO,9.0,100.275,31.774,43.819,24.682,SOFT,12.0
HAM,9.0,100.323,31.893,43.776,24.654,SOFT,12.0
LEC,9.0,98.828,31.503,43.09,24.235,SOFT,9.0
RUS,9.0,100.42,31.652,44.022,24.746,SOFT,12.0
SAI,9.0,99.744,31.602,43.608,24.534,SOFT,12.0
VER,9.0,98.278,31.336,42.823,24.119,SOFT,12.0
ALO,10.0,100.203,31.505,43.905,24.793,SOFT,13.0
HAM,10.0,100.289,31.649,43.985,24.655,SOFT,13.0
LEC,10.0,99.073,31.51,43.274,24.289,SOFT,10.0
RUS,10.0,100.532,31.699,44.074,24.759,SOFT,13.0
SAI,10.0,100.102,31.764,43.676,24.662,SOFT,13.0
VER,10.0,98.369,31.361,42.884,24.124,SOFT,13.0
ALO,11.0,101.147,31.657,44.321,25.169,SOFT,14.0
HAM,11.0,100.752,31.823,44.205,24.724,SOFT,14.0
LEC,11.0,99.212,31.556,43.28,24.376,SOFT,11.0
RUS,11.0,101.085,31.772,44.52,24.793,SOFT,14.0
SAI,11.0,100.507,31.836,43.996,24.675,SOFT,14.0
VER,11.0,98.483,31.342,42.978,24.163,SOFT,14.0
ALO,12.0,100.934,31.789,44.062,25.083,SOFT,15.0
HAM,12.0,103.336,31.821,44.259,27.256,SOFT,15.0
LEC,12.0,99.489,31.597,43.406,24.486,SOFT,12.0
RUS,12.0,101.112,32.023,44.122,24.967,SOFT,15.0
SAI,12.0,100.52,31.776,44.006,24.738,SOFT,15.0
VER,12.0,98.591,31.408,42.951,24.232,SOFT,15.0
ALO,13.0,100.341,31.823,43.946,24.572,SOFT,16.0
HAM,13.0,119.179,52.819,42.559,23.801,HARD,1.0
LEC,13.0,102.068,31.703,43.481,26.884,SOFT,13.0
RUS,13.0,104.691,32.276,44.91,27.505,SOFT,16.0
SAI,13.0,103.31,31.93,43.823,27.557,SOFT,16.0
VER,13.0,98.482,31.389,42.907,24.186,SOFT,16.0
ALO,14.0,102.212,31.869,43.309,27.034,SOFT,17.0
HAM,14.0,98.308,30.783,43.351,24.174,HARD,2.0
LEC,14.0,118.77,52.07,42.739,23.961,HARD,1.0
RUS,14.0,121.269,54.862,42.554,23.853,HARD,1.0
SAI,14.0,119.006,52.026,42.788,24.192,HARD,1.0
VER,14.0,101.295,31.427,42.876,26.992,SOFT,17.0
ALO,15.0,119.692,53.186,42.622,23.884,HARD,1.0
HAM,15.0,98.527,31.23,43.259,24.038,HARD,3.0
LEC,15.0,98.477,31.261,43.184,24.032,HARD,2.0
RUS,15.0,97.46,30.812,42.616,24.032,HARD,2.0
SAI,15.0,97.985,31.107,42.86,24.018,HARD,2.0
VER,15.0,118.378,51.854,42.629,23.895,SOFT,1.0
ALO,16.0,97.542,31.154,42.459,23.929,HARD,2.0
HAM,16.0,98.617,31.162,43.414,24.041,HARD,4.0
LEC,16.0,97.953,30.859,42.965,24.129,HARD,3.0
RUS,16.0,97.833,30.88,42.883,24.07,HARD,3.0
SAI,16.0,98.433,31.232,43.011,24.19,HARD,3.0
VER,16.0,97.801,31.209,42.711,23.881,SOFT,2.0
ALO,17.0,98.139,30.946,43.197,23.996,HARD,3.0
HAM,17.0,98.704,31.16,43.372,24.172,HARD,5.0
LEC,17.0,98.031,31.312,42.722,23.997,HARD,4.0
RUS,17.0,98.604,30.903,43.462,24.239,HARD,4.0
SAI,17.0,98.161,31.234,42.911,24.016,HARD,4.0
VER,17.0,97.648,31.17,42.623,23.855,SOFT,3.0
ALO,18.0,98.124,31.3,42.737,24.087,HARD,4.0
HAM,18.0,98.69,31.263,43.262,24.165,HARD,6.0
LEC,18.0,97.798,31.207,42.696,23.895,HARD,5.0
RUS,18.0,98.427,30.995,43.299,24.133,HARD,5.0
SAI,18.0,98.287,31.283,42.95,24.054,HARD,5.0
VER,18.0,97.614,31.211,42.569,23.834,SOFT,4.0
ALO,19.0,98.361,31.313,42.965,24.083,HARD,5.0
HAM,19.0,98.684,31.294,43.297,24.093,HARD,7.0
LEC,19.0,97.858,31.149,42.743,23.966,HARD,6.0
RUS,19.0,98.512,31.276,43.188,24.048,HARD,6.0
SAI,19.0,98.21,31.208,42.939,24.063,HARD,6.0
VER,19.0,97.712,31.243,42.608,23.861,SOFT,5.0
ALO,20.0,98.318,31.337,42.915,24.066,HARD,6.0
HAM,20.0,98.478,31.163,43.227,24.088,HARD,8.0
LEC,20.0,97.631,31.166,42.561,23.904,HARD,7.0
RUS,20.0,98.578,31.282,43.216,24.08,HARD,7.0
SAI,20.0,98.096,31.272,42.826,23.998,HARD,7.0
VER,20.0,97.788,31.186,42.766,23.836,SOFT,6.0
ALO,21.0,98.407,31.383,42.994,24.03,HARD,7.0
HAM,21.0,98.581,31.151,43.35,24.08,HARD,9.0
LEC,21.0,97.753,31.114,42.726,23.913,HARD,8.0
RUS,21.0,98.555,31.287,43.084,24.184,HARD,8.0
SAI,21.0,98.24,31.305,42.957,23.978,HARD,8.0
VER,21.0,97.582,31.168,42.572,23.842,SOFT,7.0
ALO,22.0,98.2,31.364,42.853,23.983,HARD,8.0
HAM,22.0,98.46,31.336,43.109,24.015,HARD,10.0
LEC,22.0,98.162,31.499,42.618,24.045,HARD,9.0
RUS,22.0,98.438,31.313,42.999,24.126,HARD,9.0
SAI,22.0,98.453,31.288,43.137,24.028,HARD,9.0
VER,22.0,97.651,31.224,42.548,23.879,SOFT,8.0
ALO,23.0,97.853,31.14,42.63,24.083,HARD,9.0
HAM,23.0,98.384,31.164,43.21,24.01,HARD,11.0
LEC,23.0,98.054,31.209,42.95,23.895,HARD,10.0
RUS,23.0,98.773,31.278,43.405,24.09,HARD,10.0
SAI,23.0,98.597,31.483,43.147,23.967,HARD,10.0
VER,23.0,97.552,31.153,42.514,23.885,SOFT,9.0
ALO,24.0,97.878,31.237,42.611,24.03,HARD,10.0
HAM,24.0,98.367,31.202,43.079,24.086,HARD,12.0
LEC,24.0,97.972,31.197,42.742,24.033,HARD,11.0
RUS,24.0,98.643,31.298,43.348,23.997,HARD,11.0
SAI,24.0,98.314,31.442,42.878,23.994,HARD,11.0
VER,24.0,97.387,31.145,42.398,23.844,SOFT,10.0
ALO,25.0,98.139,31.315,42.669,24.155,HARD,11.0
HAM,25.0,98.29,31.209,42.97,24.111,HARD,13.0
LEC,25.0,98.541,31.344,43.046,24.151,HARD,12.0
RUS,25.0,98.487,31.311,43.056,24.12,HARD,12.0
SAI,25.0,98.571,31.282,43.172,24.117,HARD,12.0
VER,25.0,97.372,31.145,42.344,23.883,SOFT,11.0
ALO,26.0,98.127,31.267,42.694,24.166,HARD,12.0
HAM,26.0,98.339,31.345,42.89,24.104,HARD,14.0
LEC,26.0,99.668,32.247,43.143,24.278,HARD,13.0
RUS,26.0,98.462,31.334,43.033,24.095,HARD,13.0
SAI,26.0,98.331,31.316,42.976,24.039,HARD,13.0
VER,26.0,97.682,31.213,42.533,23.936,SOFT,12.0
ALO,27.0,98.612,31.395,43.114,24.103,HARD,13.0
HAM,27.0,98.369,31.379,42.864,24.126,HARD,15.0
LEC,27.0,98.814,31.412,43.168,24.234,HARD,14.0
RUS,27.0,98.625,31.393,43.152,24.08,HARD,14.0
SAI,27.0,98.423,31.448,42.994,23.981,HARD,14.0
VER,27.0,97.379,31.079,42.349,23.951,SOFT,13.0
ALO,28.0,98.199,31.345,42.758,24.096,HARD,14.0
HAM,28.0,98.265,31.232,42.845,24.188,HARD,16.0
LEC,28.0,98.618,31.382,43.081,24.155,HARD,15.0
RUS,28.0,98.448,31.233,43.103,24.112,HARD,15.0
SAI,28.0,98.474,31.422,42.956,24.096,HARD,15.0
VER,28.0,97.651,31.112,42.554,23.985,SOFT,14.0
ALO,29.0,98.585,31.49,42.916,24.179,HARD,15.0
HAM,29.0,98.38,31.319,42.914,24.147,HARD,17.0
LEC,29.0,98.447,31.394,42.964,24.089,HARD,16.0
RUS,29.0,98.792,31.476,43.264,24.052,HARD,16.0
SAI,29.0,98.55,31.436,42.983,24.131,HARD,16.0
VER,29.0,97.571,31.045,42.533,23.993,SOFT,15.0
ALO,30.0,98.282,31.37,42.711,24.201,HARD,16.0
HAM,30.0,101.175,31.375,42.964,26.836,HARD,18.0
LEC,30.0,98.39,31.339,42.887,24.164,HARD,17.0
RUS,30.0,98.541,31.301,43.18,24.06,HARD,17.0
SAI,30.0,98.601,31.445,43.033,24.123,HARD,17.0
VER,30.0,97.549,31.185,42.443,23.921,SOFT,16.0
ALO,31.0,98.009,31.257,42.663,24.089,HARD,17.0
HAM,31.0,119.503,52.363,43.477,23.663,HARD,1.0
LEC,31.0,98.746,31.444,43.121,24.181,HARD,18.0
RUS,31.0,101.035,31.353,43.015,26.667,HARD,18.0
SAI,31.0,101.274,31.438,43.032,26.804,HARD,18.0
VER,31.0,97.431,31.04,42.464,23.927,SOFT,17.0
ALO,32.0,97.871,31.335,42.558,23.978,HARD,18.0
HAM,32.0,97.563,30.795,42.982,23.786,HARD,2.0
LEC,32.0,98.948,31.506,43.272,24.17,HARD,19.0
RUS,32.0,118.694,52.322,42.773,23.599,HARD,1.0
SAI,32.0,118.492,51.61,42.949,23.933,HARD,1.0
VER,32.0,97.691,31.139,42.523,24.029,SOFT,18.0
ALO,33.0,97.769,31.266,42.549,23.954,HARD,19.0
HAM,33.0,97.549,30.882,42.999,23.668,HARD,3.0
LEC,33.0,101.323,31.464,43.248,26.611,HARD,20.0
RUS,33.0,97.221,30.915,42.756,23.55,HARD,2.0
SAI,33.0,97.548,31.27,42.65,23.628,HARD,2.0
VER,33.0,97.686,31.112,42.505,24.069,SOFT,19.0
ALO,34.0,100.353,31.259,42.545,26.549,HARD,20.0
HAM,34.0,98.135,30.81,43.571,23.754,HARD,4.0
LEC,34.0,119.477,52.321,43.143,24.013,HARD,1.0
RUS,34.0,97.311,30.975,42.685,23.651,HARD,3.0
SAI,34.0,97.475,31.149,42.615,23.711,HARD,3.0
VER,34.0,97.839,31.129,42.615,24.095,SOFT,20.0
ALO,35.0,117.389,52.333,41.52,23.536,HARD,1.0
HAM,35.0,96.831,30.798,42.403,23.63,HARD,5.0
LEC,35.0,98.073,31.528,42.729,23.816,HARD,2.0
RUS,35.0,97.592,30.949,42.96,23.683,HARD,4.0
SAI,35.0,97.441,31.161,42.601,23.679,HARD,4.0
VER,35.0,97.85,31.211,42.5,24.139,SOFT,21.0
ALO,36.0,96.156,30.895,41.462,23.799,HARD,2.0
HAM,36.0,96.546,30.869,42.013,23.664,HARD,6.0
LEC,36.0,97.313,31.07,42.615,23.628,HARD,3.0
RUS,36.0,97.607,30.979,42.831,23.797,HARD,5.0
SAI,36.0,97.706,31.197,42.728,23.781,HARD,5.0
VER,36.0,100.964,31.35,42.582,27.032,SOFT,22.0
ALO,37.0,97.431,31.186,42.184,24.061,HARD,3.0
HAM,37.0,97.388,31.413,42.243,23.732,HARD,7.0
LEC,37.0,97.17,31.07,42.385,23.715,HARD,4.0
RUS,37.0,97.822,31.049,43.002,23.771,HARD,6.0
SAI,37.0,97.13,31.018,42.443,23.669,HARD,6.0
VER,37.0,118.49,52.755,42.071,23.664,HARD,1.0
ALO,38.0,97.002,30.763,42.308,23.931,HARD,4.0
HAM,38.0,98.304,31.05,43.267,23.987,HARD,8.0
LEC,38.0,97.17,31.091,42.444,23.635,HARD,5.0
RUS,38.0,97.66,30.994,42.854,23.812,HARD,7.0
SAI,38.0,97.444,31.096,42.608,23.74,HARD,7.0
VER,38.0,96.297,31.034,41.772,23.491,HARD,2.0
ALO,39.0,97.243,31.244,42.303,23.696,HARD,5.0
HAM,39.0,97.478,30.837,42.719,23.922,HARD,9.0
LEC,39.0,97.287,31.103,42.564,23.62,HARD,6.0
RUS,39.0,97.495,30.971,42.712,23.812,HARD,8.0
SAI,39.0,97.403,31.044,42.593,23.766,HARD,8.0
VER,39.0,96.446,30.818,42.125,23.503,HARD,3.0
ALO,40.0,97.208,31.221,42.306,23.681,HARD,6.0
HAM,40.0,97.494,30.768,42.806,23.92,HARD,10.0
LEC,40.0,,,,,HARD,7.0
RUS,40.0,98.085,31.006,42.651,24.428,HARD,9.0
SAI,40.0,97.587,31.207,42.653,23.727,HARD,9.0
VER,40.0,96.942,31.175,42.247,23.52,HARD,4.0
ALO,41.0,126.713,39.952,58.704,28.057,HARD,7.0
HAM,41.0,126.491,40.61,57.504,28.377,HARD,11.0
RUS,41.0,126.293,46.011,56.1,24.182,HARD,10.0
SAI,41.0,126.436,39.595,57.789,29.052,HARD,10.0
VER,41.0,120.495,31.381,55.533,33.581,HARD,5.0
ALO,42.0,96.334,30.908,41.746,23.68,HARD,8.0
HAM,42.0,97.061,30.924,42.354,23.783,HARD,12.0
RUS,42.0,97.035,30.782,42.391,23.862,HARD,11.0
SAI,42.0,97.375,31.107,42.449,23.819,HARD,11.0
VER,42.0,104.824,38.946,42.174,23.704,HARD,6.0
ALO,43.0,96.911,30.956,42.096,23.859,HARD,9.0
HAM,43.0,97.111,30.89,42.235,23.986,HARD,13.0
RUS,43.0,97.48,30.954,42.679,23.847,HARD,12.0
SAI,43.0,97.294,31.141,42.431,23.722,HARD,12.0
VER,43.0,96.89,31.13,42.295,23.465,HARD,7.0
ALO,44.0,97.022,30.817,42.208,23.997,HARD,10.0
HAM,44.0,97.048,30.807,42.353,23.888,HARD,14.0
RUS,44.0,97.597,31.11,42.611,23.876,HARD,13.0
SAI,44.0,97.389,31.2,42.482,23.707,HARD,13.0
VER,44.0,96.236,30.783,42.005,23.448,HARD,8.0
ALO,45.0,97.931,31.048,43.229,23.654,HARD,11.0
HAM,45.0,97.661,30.902,42.666,24.093,HARD,15.0
RUS,45.0,97.316,30.892,42.59,23.834,HARD,14.0
SAI,45.0,99.561,31.572,43.669,24.32,HARD,14.0
VER,45.0,97.015,31.079,42.221,23.715,HARD,9.0
ALO,46.0,97.087,31.144,42.162,23.781,HARD,12.0
HAM,46.0,97.779,30.898,42.786,24.095,HARD,16.0
RUS,46.0,97.571,30.999,42.734,23.838,HARD,15.0
SAI,46.0,97.844,30.975,42.701,24.168,HARD,15.0
VER,46.0,96.701,31.03,42.003,23.668,HARD,10.0
ALO,47.0,97.326,31.293,42.342,23.691,HARD,13.0
HAM,47.0,98.517,31.32,43.157,24.04,HARD,17.0
RUS,47.0,97.432,31.049,42.436,23.947,HARD,16.0
SAI,47.0,98.222,31.548,42.699,23.975,HARD,16.0
VER,47.0,97.009,31.094,42.205,23.71,HARD,11.0
ALO,48.0,96.783,31.076,41.97,23.737,HARD,14.0
HAM,48.0,97.844,30.882,42.772,24.19,HARD,18.0
RUS,48.0,97.52,31.101,42.509,23.91,HARD,17.0
SAI,48.0,97.897,31.407,42.577,23.913,HARD,17.0
VER,48.0,96.918,31.01,42.199,23.709,HARD,12.0
ALO,49.0,96.726,31.058,41.981,23.687,HARD,15.0
HAM,49.0,97.954,30.947,42.945,24.062,HARD,19.0
RUS,49.0,97.718,31.097,42.623,23.998,HARD,18.0
SAI,49.0,97.765,31.407,42.49,23.868,HARD,18.0
VER,49.0,96.962,31.124,42.026,23.812,HARD,13.0
ALO,50.0,96.331,30.933,41.764,23.634,HARD,16.0
HAM,50.0,97.77,30.824,42.711,24.235,HARD,20.0
RUS,50.0,97.383,31.014,42.413,23.956,HARD,19.0
SAI,50.0,97.604,31.261,42.436,23.907,HARD,19.0
VER,50.0,97.25,31.07,42.375,23.805,HARD,14.0
ALO,51.0,96.96,31.158,42.005,23.797,HARD,17.0
HAM,51.0,98.014,31.154,42.759,24.101,HARD,21.0
RUS,51.0,97.825,31.187,42.705,23.933,HARD,20.0
SAI,51.0,97.672,31.269,42.491,23.912,HARD,20.0
VER,51.0,97.427,31.154,42.202,24.071,HARD,15.0
ALO,52.0,97.01,31.043,42.243,23.724,HARD,18.0
HAM,52.0,97.803,31.107,42.69,24.006,HARD,22.0
RUS,52.0,97.589,31.107,42.517,23.965,HARD,21.0
SAI,52.0,97.49,31.184,42.381,23.925,HARD,21.0
VER,52.0,96.919,31.033,42.133,23.753,HARD,16.0
ALO,53.0,97.01,31.159,42.135,23.716,HARD,19.0
HAM,53.0,97.988,31.1,42.853,24.035,HARD,23.0
RUS,53.0,97.841,31.065,42.707,24.069,HARD,22.0
SAI,53.0,97.66,31.248,42.531,23.881,HARD,22.0
VER,53.0,96.89,30.906,42.217,23.767,HARD,17.0
ALO,54.0,97.599,31.305,42.469,23.825,HARD,20.0
HAM,54.0,98.076,31.14,42.838,24.098,HARD,24.0
RUS,54.0,97.923,31.192,42.658,24.073,HARD,23.0
SAI,54.0,97.694,31.234,42.543,23.917,HARD,23.0
VER,54.0,96.678,30.988,41.938,23.752,HARD,18.0
ALO,55.0,97.662,31.237,42.575,23.85,HARD,21.0
HAM,55.0,97.955,31.131,42.775,24.049,HARD,25.0
RUS,55.0,97.86,31.118,42.621,24.121,HARD,24.0
SAI,55.0,97.821,31.31,42.638,23.873,HARD,24.0
VER,55.0,96.322,30.964,41.747,23.611,HARD,19.0
ALO,56.0,97.473,31.425,42.157,23.891,HARD,22.0
HAM,56.0,98.111,31.227,42.824,24.06,HARD,26.0
RUS,56.0,97.636,30.961,42.593,24.082,HARD,25.0
SAI,56.0,98.126,31.403,42.736,23.987,HARD,25.0
VER,56.0,97.205,31.091,42.27,23.844,HARD,20.0
ALO,57.0,97.422,31.421,42.088,23.913,HARD,23.0
HAM,57.0,98.255,31.166,42.89,24.199,HARD,27.0
RUS,57.0,97.767,31.077,42.54,24.15,HARD,26.0
SAI,57.0,98.021,31.244,42.749,24.028,HARD,26.0
VER,57.0,96.373,30.96,41.763,23.65,HARD,21.0
